x,y_true,noise,y_observed,group,absolute_error,squared_error
0.0,1.5,-0.45625380682818273,1.0437461931718173,low,0.45625380682818273,0.20816753624520867
0.20202020202020202,1.6616161616161615,-0.122302104628044,1.5393140569881176,low,0.12230210462804392,0.014957804796449002
0.40404040404040403,1.8232323232323233,1.1646067939738376,2.987839117206161,low,1.1646067939738376,1.3563089845700207
0.6060606060606061,1.9848484848484849,0.46140342488257846,2.446251909731063,low,0.46140342488257824,0.21289312049337303
0.8080808080808081,2.1464646464646466,-1.1489781062092526,0.9974865402553941,low,1.1489781062092526,1.3201506885482004
1.0101010101010102,2.308080808080808,-0.0036422849203523837,2.3044385231604556,low,0.0036422849203523455,1.3266239441026092e-05
1.2121212121212122,2.4696969696969697,-0.4364246186918754,2.0332723510050945,low,0.4364246186918752,0.19046644780034866
1.4141414141414141,2.6313131313131315,0.10404206627641843,2.73535519758955,low,0.10404206627641832,0.010824751555066623
1.6161616161616161,2.7929292929292933,-1.1257314489304722,1.667197843998821,low,1.1257314489304722,1.2672712951111003
1.8181818181818181,2.9545454545454546,0.1692403138137959,3.1237857683592507,low,0.16924031381379612,0.02864228381979219
2.0202020202020203,3.1161616161616164,0.16476664311621833,3.2809282592778346,low,0.16476664311621825,0.02714804668378723
2.2222222222222223,3.2777777777777777,1.1029382220020238,4.3807159997798015,low,1.1029382220020238,1.2164727215529856
2.4242424242424243,3.4393939393939394,0.22165151153033144,3.661045450924271,low,0.22165151153033147,0.049129392563680666
2.6262626262626263,3.601010101010101,0.3573826631883492,3.95839276419845,low,0.357382663188349,0.1277223679475969
2.8282828282828283,3.7626262626262625,-1.0451816794749627,2.7174445831513,low,1.0451816794749624,1.0924047431101032
3.0303030303030303,3.9242424242424243,1.576910387306819,9.236888558141457,low,5.312646133899033,28.224208944032345
3.2323232323232323,4.0858585858585865,-1.3409518905708102,2.744906695287776,low,1.3409518905708104,1.7981519728254307
3.4343434343434343,4.247474747474747,0.7712612990757389,5.018736046550487,low,0.7712612990757393,0.594843991451997
3.6363636363636362,4.409090909090909,-0.23093285171169475,4.178158057379214,low,0.2309328517116951,0.053329981999695755
3.8383838383838382,4.570707070707071,-0.6164525625494578,3.954254508157613,low,0.6164525625494579,0.3800137618737933
4.040404040404041,4.732323232323233,-0.4593995076503218,4.272923724672911,low,0.4593995076503221,0.21104790762935838
4.242424242424242,4.8939393939393945,-0.4704102764610591,4.423529117478336,low,0.4704102764610587,0.22128582820016968
4.444444444444445,5.055555555555555,0.2661323645742942,5.3216879201298495,low,0.2661323645742941,0.070826435473905
4.646464646464646,5.217171717171717,-0.07704108669463611,5.140130630477081,low,0.07704108669463583,0.005935329039090394
4.848484848484849,5.378787878787879,1.0377998141236997,6.416587692911579,low,1.0377998141236997,1.0770284541951856
5.05050505050505,5.540404040404041,-1.2807228164117455,4.259681223992295,low,1.2807228164117452,1.6402509324776329
5.252525252525253,5.702020202020202,-0.002156675266095672,5.699863526754107,low,0.0021566752660957533,4.651248203389188e-06
5.454545454545454,5.863636363636363,-0.6244390518251137,5.23919731181125,low,0.6244390518251137,0.38992412944424704
5.656565656565657,6.025252525252525,0.5431102932206416,6.568362818473167,low,0.543110293220642,0.2949687906022117
5.858585858585858,6.186868686868687,-1.4826420295295477,4.704226657339139,low,1.482642029529548,2.198227387727497
6.0606060606060606,6.348484848484849,-0.24058604506963677,6.107898803415212,low,0.24058604506963643,0.057881645082249134
6.262626262626262,6.51010101010101,0.14712104913527135,6.657222059236282,low,0.14712104913527124,0.021644603098662896
6.4646464646464645,6.671717171717172,-1.0389880087974457,5.632729162919727,low,1.0389880087974452,1.07949608242488
6.666666666666667,6.833333333333334,0.6896509080007314,7.522984241334065,low,0.6896509080007309,0.4756183749062326
6.8686868686868685,6.994949494949495,0.1250994003828773,7.120048895332372,medium,0.1250994003828776,0.015649859976155513
7.070707070707071,7.1565656565656575,0.7047997394949587,7.8613653960606165,medium,0.704799739494959,0.49674267279216205
7.2727272727272725,7.318181818181818,0.6714294010721578,7.989611219253976,medium,0.6714294010721575,0.45081744062411616
7.474747474747475,7.47979797979798,-0.6858981964622738,6.793899783335706,medium,0.6858981964622739,0.4704563359102001
7.6767676767676765,7.641414141414142,-0.5584570305226767,7.082957110891465,medium,0.5584570305226766,0.3118742549402057
7.878787878787879,7.803030303030304,-0.1423327400403318,7.660697562989972,medium,0.1423327400403318,0.020258608887388674
8.080808080808081,7.964646464646465,0.5235718081741942,8.48821827282066,medium,0.5235718081741947,0.2741274383147957
8.282828282828282,8.126262626262626,0.5956771036828798,8.721939729945506,medium,0.5956771036828794,0.3548312118520239
8.484848484848484,8.287878787878789,-0.4967794094960794,7.791099378382709,medium,0.4967794094960798,0.24678978169927374
8.686868686868687,8.44949494949495,-0.4250380296787319,8.024456919816219,medium,0.4250380296787313,0.18065732667317805
8.88888888888889,8.61111111111111,-0.55847604061657,8.05263507049454,medium,0.5584760406165703,0.31189548794276106
9.09090909090909,8.772727272727273,-0.4089667604101429,8.36376051231713,medium,0.40896676041014324,0.1672538111203675
9.292929292929292,8.934343434343434,-0.16654636429530825,8.767797070048125,medium,0.1665463642953089,0.02773769145998574
9.494949494949495,9.095959595959595,-0.09227053338318508,9.00368906257641,medium,0.0922705333831857,0.008513851330817586
9.696969696969697,9.257575757575758,1.4406801279483976,10.698255885524155,medium,1.4406801279483972,2.07555923106541
9.8989898989899,9.41919191919192,-0.35448256185050087,9.06470935734142,medium,0.3544825618505012,0.1256578866560944
10.1010101010101,9.580808080808081,-0.20210705692045536,9.236888558141457,medium,0.3439195226666243,0.1182806380712387
10.303030303030303,9.742424242424242,0.3210044103658195,10.063428652790062,medium,0.32100441036581984,0.10304383147430766
10.505050505050505,9.904040404040405,-0.6671518458989477,9.236888558141457,medium,0.6671518458989478,0.44509158548637345
10.707070707070708,10.065656565656566,-0.25803900438568694,9.80761756127088,medium,0.2580390043856866,0.06658412778435639
10.909090909090908,10.227272727272727,0.009322936812709116,10.236595664085435,medium,0.009322936812708349,8.691715081375251e-05
11.11111111111111,10.38888888888889,0.5419021629120852,10.930791051800975,medium,0.5419021629120859,0.2936579541687969
11.313131313131313,10.55050505050505,-0.9212104011227296,9.62929464938232,medium,0.92121040112273,0.8486286031367011
11.515151515151516,10.712121212121213,0.9600286201009162,11.672149832222129,medium,0.9600286201009158,0.9216549514128686
11.717171717171716,10.873737373737374,-0.2467201561311227,10.627017217606252,medium,0.24672015613112208,0.060870835441365255
11.919191919191919,11.035353535353535,0.11859149477253755,11.153945030126073,medium,0.11859149477253794,0.014063942632384894
12.121212121212121,11.196969696969697,0.5929618127541574,11.789931509723855,medium,0.592961812754158,0.3516037113846972
12.323232323232324,11.35858585858586,0.4625550452089184,11.821140903794777,medium,0.46255504520891755,0.21395716984822374
12.525252525252524,11.52020202020202,0.7414623203228479,12.261664340524868,medium,0.7414623203228476,0.5497663724585411
12.727272727272727,11.681818181818182,0.12123847150231463,11.803056653320496,medium,0.12123847150231448,0.01469876697221752
12.929292929292929,11.843434343434344,-0.013729347362154391,11.82970499607219,medium,0.013729347362154698,0.00018849497899070417
13.131313131313131,12.005050505050505,0.22153497749572026,12.226585482546225,medium,0.22153497749572004,0.049077746254029185
13.333333333333334,12.166666666666668,-0.6970007731306095,11.469665893536058,medium,0.6970007731306094,0.4858100777446672
13.535353535353535,12.328282828282829,0.8499311582889391,13.178213986571768,high,0.8499311582889391,0.7223829738303775
13.737373737373737,12.48989898989899,-0.5427703740487196,11.94712861585027,high,0.54277037404872,0.2945996789449874
13.93939393939394,12.651515151515152,-0.8821707159178146,11.769344435597338,high,0.8821707159178143,0.7782251720229489
14.141414141414142,12.813131313131315,1.4394861466569697,14.252617459788285,high,1.4394861466569697,2.072120366417331
14.343434343434343,12.974747474747474,-0.09551145765899571,12.879236017088479,high,0.09551145765899527,0.009122438544146046
14.545454545454545,13.136363636363637,-0.8253874106309634,12.310976225732674,high,0.8253874106309631,0.6812643776280861
14.747474747474747,13.2979797979798,1.29658880407905,14.59456860205885,high,1.2965888040790503,1.681142526863142
14.94949494949495,13.45959595959596,-0.23079883709756993,13.22879712249839,high,0.23079883709757,0.053268103205590646
15.15151515151515,13.621212121212121,0.743453051449893,14.364665172662015,high,0.7434530514498938,0.5527224397101584
15.353535353535353,13.782828282828284,-0.580642106343233,13.20218617648505,high,0.5806421063432339,0.33714525565870734
15.555555555555555,13.944444444444445,-0.1741460148782418,13.770298429566203,high,0.17414601487824122,0.03032683449797261
15.757575757575758,14.106060606060607,-1.1819705474334503,12.924090058627158,high,1.1819705474334494,1.397054375000128
15.959595959595958,14.267676767676768,-1.3362575511846904,12.931419216492078,high,1.3362575511846906,1.785584243098106
16.161616161616163,14.42929292929293,-0.6835042116439132,13.745788717649017,high,0.6835042116439141,0.46717800733496845
16.363636363636363,14.590909090909092,-0.05462731297176742,14.536281777937324,high,0.054627312971767594,0.0029841433225154482
16.565656565656564,14.752525252525253,0.55858999713023,15.311115249655483,high,0.5585899971302304,0.3120227848939508
16.767676767676768,14.914141414141415,1.698354350854576,16.61249576499599,high,1.6983543508545758,2.884407501066667
16.96969696969697,15.075757575757576,-0.7223040965662272,14.35345347919135,high,0.7223040965662264,0.5217232079163525
17.171717171717173,15.237373737373739,0.7063282098381813,9.236888558141457,high,6.000485179232282,36.00582238618627
17.373737373737374,15.3989898989899,-0.4230386709401294,14.97595122804977,high,0.42303867094013015,0.1789617171107917
17.575757575757574,15.56060606060606,-0.10677051427199571,15.453835546334064,high,0.10677051427199657,0.011399942717906624
17.77777777777778,15.722222222222223,-1.0368341328080677,14.685388089414156,high,1.0368341328080675,1.0750250189558572
17.97979797979798,15.883838383838384,-1.035290015809296,14.848548368029089,high,1.035290015809295,1.0718254168344103
18.18181818181818,16.045454545454547,-0.5449224219603557,15.50053212349419,high,0.5449224219603561,0.2969404459551404
18.383838383838384,16.207070707070706,-0.8351774356104341,15.371893271460271,high,0.8351774356104347,0.6975213489528217
18.585858585858585,16.36868686868687,-0.00248807347354461,16.366198795213325,high,0.0024880734735432952,6.1905096097497985e-06
18.78787878787879,16.53030303030303,-0.49176012465896446,16.038542905644068,high,0.49176012465896335,0.24182802020459918
18.98989898989899,16.69191919191919,0.8754879516235221,17.567407143542713,high,0.8754879516235228,0.7664791534379518
19.19191919191919,16.853535353535353,0.10711379789704649,16.9606491514324,high,0.10711379789704623,0.011473365699929265
19.393939393939394,17.015151515151516,0.11566673248005238,17.130818247631566,high,0.11566673248005088,0.013378793002611657
19.595959595959595,17.176767676767675,0.7962046390849837,17.972972315852658,high,0.7962046390849835,0.6339418273004489
19.7979797979798,17.33838383838384,0.3626785883256847,17.701062426709527,high,0.3626785883256858,0.13153575842991228
20.0,17.5,-0.026133087460248453,17.47386691253975,high,0.02613308746024856,0.0006829382602050006
